lambda,eta,mean_valid_acc,std_valid_acc,n
0.65,0.3,0.507734375,0.11231074865890137,3
0.65,0.5,0.46575,0.12270312500000002,2
0.65,0.7,0.3320625,0.0,1
0.8,0.3,0.924125,0.0,1
0.8,0.5,0.567921875,0.0,1
0.8,0.7,0.983109375,0.0,1
0.95,0.3,0.9971875,0.0,1
0.95,0.5,0.99575,0.0,1
0.95,0.7,0.99659375,0.0,1
