lambda,eta,mean_valid_acc,std_valid_acc,n
0.65,0.3,0.507734375,0.11231074865890137,3
0.65,0.5,0.5016041666666666,0.11228719335361731,3
0.65,0.7,0.4917447916666666,0.11453221658111153,3
0.8,0.3,0.90940625,0.014718750000000003,2
0.8,0.5,0.567921875,0.0,1
0.8,0.7,0.983109375,0.0,1
0.95,0.3,0.9971875,0.0,1
0.95,0.5,0.99575,0.0,1
0.95,0.7,0.99659375,0.0,1
