lambda,eta,mean_valid_acc,std_valid_acc,n
0.65,0.3,0.507734375,0.11231074865890137,3
0.65,0.5,0.5016041666666666,0.11228719335361731,3
0.65,0.7,0.4917447916666666,0.11453221658111153,3
0.8,0.3,0.9153385416666667,0.014656462847897714,3
0.8,0.5,0.6801458333333333,0.14057728029073893,3
0.8,0.7,0.9795546875,0.0035546874999999867,2
0.95,0.3,0.9971875,0.0,1
0.95,0.5,0.99575,0.0,1
0.95,0.7,0.99659375,0.0,1
