ckpt,core,S,fw,eta,lam,seed,w_mean,w_std,w_min,w_max,w_n_pos,w_n_neg,w_n_zero,b_mean,b_std,b_min,b_max,b_n_pos,b_n_neg,b_n_zero
kv_fw_S1_fw1_eta0300_lam0850_seed0,fw,1,1,0.3,0.85,0,0.09499230235815048,0.1469341218471527,-0.029952721670269966,0.638103187084198,47,3,0,-0.0008617466664873064,0.23469825088977814,-0.8154082298278809,0.5191836953163147,8,42,0
kv_fw_S1_fw1_eta0300_lam0950_seed0,fw,1,1,0.3,0.95,0,0.7034723162651062,0.8411044478416443,-0.03512151911854744,2.0798592567443848,47,3,0,-0.04961897432804108,0.6962392330169678,-1.6367363929748535,1.1187310218811035,13,37,0
kv_fw_S3_fw1_eta0500_lam0500_seed0,fw,3,1,0.5,0.5,0,0.39875534176826477,0.4712483882904053,-0.008876597508788109,1.7557222843170166,48,2,0,0.1525263637304306,0.33880701661109924,-0.5363361239433289,1.2784065008163452,20,30,0
kv_rnn_S1_fw1_eta0000_lam0000_seed0,rnn,1,1,0.0,0.0,0,1.0131577253341675,0.6708839535713196,0.0042833262123167515,2.4863061904907227,50,0,0,0.0997672975063324,0.4389435052871704,-0.7610697746276855,1.364591121673584,25,25,0
kv_tanh_S1_fw1_eta0300_lam0950_seed0,tanh,1,1,0.3,0.95,0,1.309800148010254,0.6885315179824829,0.012409699149429798,3.7291133403778076,50,0,0,-0.4573797881603241,1.0184588432312012,-3.1537203788757324,0.6572487354278564,23,27,0
kv_tanh_S3_fw1_eta0100_lam0500_seed0,tanh,3,1,0.1,0.5,0,1.0091280937194824,0.6906653642654419,-0.01982385292649269,2.3211398124694824,48,2,0,0.09289231896400452,0.4141600728034973,-0.765289306640625,1.058815836906433,25,25,0
