ckpt,core,S,fw,eta,lam,seed,w_mean,w_std,w_min,w_max,w_n_pos,w_n_neg,w_n_zero,b_mean,b_std,b_min,b_max,b_n_pos,b_n_neg,b_n_zero
kv_fw_S1_fw1_eta0300_lam0950_seed0,fw,1,1,0.3,0.95,0,0.7054968476295471,0.5408872961997986,0.006605593487620354,1.684409499168396,50,0,0,-0.03408665955066681,0.39181292057037354,-1.0553102493286133,0.611549437046051,19,31,0
kv_fw_S1_fw1_eta0300_lam0950_seed1,fw,1,1,0.3,0.95,1,1.1160165071487427,0.9581884741783142,0.009159993380308151,2.4208245277404785,50,0,0,-0.29936832189559937,0.41632622480392456,-1.3224116563796997,0.7133550643920898,7,43,0
