ckpt,core,S,fw,eta,lam,seed,w_mean,w_std,w_min,w_max,w_n_pos,w_n_neg,w_n_zero,b_mean,b_std,b_min,b_max,b_n_pos,b_n_neg,b_n_zero
kv_fw_S1_fw1_eta0300_lam0950_seed0,fw,1,1,0.3,0.95,0,0.04883231595158577,0.015052190981805325,0.00875026173889637,0.08416730165481567,60,0,0,-0.0505947507917881,0.015877926722168922,-0.0805148035287857,-0.012055838480591774,0,60,0
