ckpt,core,S,fw,eta,lam,seed,noise,w_mean,w_std,w_min,w_max,w_n_pos,w_n_neg,w_n_zero,b_mean,b_std,b_min,b_max,b_n_pos,b_n_neg,b_n_zero
kv_fw_S1_noise0400_eta0300_lam0950_seed0,fw,1,,0.3,0.95,0,0.4,0.18669719994068146,0.38829854130744934,-0.011354375630617142,2.0697519779205322,56,4,0,-0.03992854431271553,0.12003462016582489,-0.21171271800994873,0.46990901231765747,11,49,0
kv_rnn_S0_noise0400_eta0000_lam0000_seed0,rnn,0,,0.0,0.0,0,0.4,0.3348402678966522,0.6222296953201294,-0.04822669178247452,2.6499295234680176,54,6,0,-0.05501728132367134,0.3875043988227844,-2.539029359817505,0.44425374269485474,15,45,0
kv_tanh_S1_noise0400_eta0300_lam0950_seed0,tanh,1,,0.3,0.95,0,0.4,0.2539457082748413,0.3163175880908966,-0.04793737828731537,0.9693564176559448,57,3,0,-0.11890535801649094,0.24637144804000854,-1.1338616609573364,0.12667617201805115,14,46,0
