t,cos_raw,cos_pos
0,0.0,0.0
1,0.2044176133787662,0.2044176133787662
2,0.20587335762031134,0.20587335762031134
3,0.3107667403628149,0.3107667403628149
4,0.26398748349158113,0.26398748349158113
5,0.31957925039485735,0.31957925039485735
6,0.44596962247988886,0.44596962247988886
7,0.4398790016651611,0.4398790016651611
8,0.4770004076460427,0.4770004076460427
9,0.2547309975320997,0.2547309975320997
10,0.7865177158958491,0.7865177158958491
