lambda,eta,mean_valid_acc,std_valid_acc,n
0.65,0.3,0.545078125,0.0310555591465723,3
0.65,0.5,0.5868854166666667,0.01886491837775362,3
0.65,0.7,0.506609375,0.017531250000000026,2
0.8,0.3,0.62075,0.0,1
0.8,0.5,0.3466875,0.0,1
0.8,0.7,0.58596875,0.0,1
0.95,0.3,0.924890625,0.0,1
0.95,0.5,0.900296875,0.0,1
0.95,0.7,0.844125,0.0,1
