lambda,eta,mean_valid_acc,std_valid_acc,n
0.65,0.3,0.544109375,0.02415481075919454,5
0.65,0.5,0.6029812499999999,0.02584820359147323,5
0.65,0.7,0.49950937500000003,0.08218138142623911,5
0.8,0.3,0.597015625,0.034217384390558714,5
0.8,0.5,0.43079062500000004,0.10724729909914982,5
0.8,0.7,0.552396875,0.0591732663389368,5
0.95,0.3,0.899221875,0.05924560192669369,5
0.95,0.5,0.886575,0.022407957135106064,5
0.95,0.7,0.737065625,0.13602228404865324,5
