t,cos_raw,cos_pos
0,0.0,0.0
1,0.1610165955167835,0.1610165955167835
2,0.19900826334712396,0.19900826334712396
3,0.4929963248895457,0.4929963248895457
4,0.23583410134320254,0.23583410134320254
5,0.29012145888132435,0.29012145888132435
6,0.6028618423756751,0.6028618423756751
7,0.6011971502332183,0.6011971502332183
8,0.3908550283061111,0.3908550283061111
9,0.6659750889105314,0.6659750889105314
10,0.4172080364114446,0.4172080364114446
