t,cos_raw,cos_pos
0,0.0,0.0
1,0.07009136783935908,0.07009136783935908
2,0.17158916661088358,0.17158916661088358
3,0.23507723751532628,0.23507723751532628
4,0.4563754850302759,0.4563754850302759
5,0.18476310377116315,0.18476310377116315
6,0.46796249304896237,0.46796249304896237
7,0.544701326192508,0.544701326192508
8,0.3225561983361887,0.3225561983361887
9,0.6269029499952852,0.6269029499952852
10,0.7854765864595408,0.7854765864595408
