epoch,seed,use_fw,use_ln,S,lambda,eta,T_bind,delta_wait,d_g,d_h,beta,train_loss,train_acc,valid_loss,valid_acc,valid_acc_se,valid_acc_lo,valid_acc_hi,specA,froA,addAh_norm,logit_margin,alpha_dyn_train,alpha_dyn_valid
1,0,1,1,3,0.5,0.1,5,0,100,50,1.0,1.8040716260910035,0.293884375,1.5409633235931397,0.331359375,0.003729667012407597,0.3240492276556811,0.3386695223443189,0.15041926619037985,0.0,0.0,0.0,0.3866963871269063,0.45048760422296596
2,0,1,1,3,0.5,0.1,5,0,100,50,1.0,1.4732096319198609,0.318971875,1.411294340133667,0.308640625,0.0037225845493478326,0.30134435928327824,0.31593689071672176,0.14654830650836229,0.0,0.0,0.0,0.4495345403175462,0.42393955326667343
3,0,1,1,3,0.5,0.1,5,0,100,50,1.0,1.422482253265381,0.316575,1.3882050457000732,0.317953125,0.0038620830208091067,0.31038344227921416,0.32552280772078585,0.1455985852688551,0.0,0.0,0.0,0.4198792751317675,0.4092827775947975
4,0,1,1,3,0.5,0.1,5,0,100,50,1.0,1.4137301824092865,0.3234375,1.4107089364528655,0.32584375,0.003721693584685324,0.31854923057401674,0.33313826942598324,0.14507048068493605,0.0,0.0,0.0,0.3971837643342036,0.37986323008347644
