epoch,seed,use_fw,use_ln,S,lambda,eta,T_bind,delta_wait,d_g,d_h,beta,train_loss,train_acc,valid_loss,valid_acc,valid_acc_se,valid_acc_lo,valid_acc_hi,specA,froA,addAh_norm,logit_margin,alpha_dyn_train,alpha_dyn_valid
1,0,1,1,3,0.5,0.1,5,0,100,50,1.0,1.80654606590271,0.298746875,1.5286418609619141,0.336875,0.003712620628641729,0.3295982635678622,0.34415173643213776,0.1535703017435968,0.0,0.0,0.0,0.44541398659465886,0.4682319908033718
2,0,1,1,3,0.5,0.1,5,0,100,50,1.0,1.536273366165161,0.3251625,1.4426791362762452,0.32675,0.0036768189757098555,0.31954343480760866,0.3339565651923913,0.1537829449556768,0.0,0.0,0.0,0.46855092129698306,0.4480596147540844
3,0,1,1,3,0.5,0.1,5,0,100,50,1.0,1.441493622303009,0.329575,1.4077558695077896,0.330234375,0.0036543878009735963,0.32307177491009176,0.3373969750899083,0.15149375936761497,0.0,0.0,0.0,0.43226897348382254,0.4196659553868301
4,0,1,1,3,0.5,0.1,5,0,100,50,1.0,1.4201527559757232,0.339790625,2.4828090896606447,0.28178125,0.003455629674884697,0.27500821583722596,0.288554284162774,0.14995962867215276,0.0,0.0,0.0,0.4196496298846421,0.7338800085963625
5,0,1,1,3,0.5,0.1,5,0,100,50,1.0,1.4277851882934571,0.34074375,1.4376842129230498,0.33853125,0.0035811766204995187,0.33151214382382094,0.3455503561761791,0.1493960576236248,0.0,0.0,0.0,0.416097914898531,0.40787420772490174
6,0,1,1,3,0.5,0.1,5,0,100,50,1.0,1.4117095213413238,0.345409375,1.4140450878143311,0.348875,0.0034883710817374277,0.3420377926797946,0.35571220732020536,0.14926092510446906,0.0,0.0,0.0,0.4066068842437231,0.40887413739413025
7,0,1,1,3,0.5,0.1,5,0,100,50,1.0,1.4119540593147277,0.34426875,1.4657388954758643,0.34446875,0.0035475534991925863,0.3375155451415825,0.3514219548584175,0.14985045089572668,0.0,0.0,0.0,0.40191393938439357,0.39793581125794936
