epoch,seed,use_fw,use_ln,S,lambda,eta,T_bind,delta_wait,d_g,d_h,beta,train_loss,train_acc,valid_loss,valid_acc,valid_acc_se,valid_acc_lo,valid_acc_hi,specA,froA,addAh_norm,logit_margin,alpha_dyn_train,alpha_dyn_valid
1,0,1,1,3,0.65,0.3,5,2,100,50,1.0,2.316425714111328,0.09810625,2.3033146362304686,0.113921875,0.0033507029356089654,0.10735449724620644,0.12048925275379357,48.48984544391632,0.0,0.0,0.0,0.5792289469995432,0.586895314761334
2,0,1,1,3,0.65,0.3,5,2,100,50,1.0,1.7367467897891997,0.30868125,1.5085823006629944,0.342125,0.0034560951072627067,0.3353510535897651,0.34889894641023494,18.20672227892876,0.0,0.0,0.0,0.28290224404931075,0.2426074107736349
