t,cos_raw,cos_pos
0,0.0,0.0
1,0.0724522768805711,0.0724522768805711
2,0.0924834733568618,0.0924834733568618
3,0.6918986541147758,0.6918986541147758
4,0.06143383949050339,0.06143383949050339
5,0.6424899621031366,0.6424899621031366
6,0.17458230456042662,0.17458230456042662
7,0.8030160221555858,0.8030160221555858
8,0.3526431996929434,0.3526431996929434
9,0.9175650368399514,0.9175650368399514
10,0.967859268004427,0.967859268004427
