step,kind,class_id,froA,specA,h_norm,Ah_norm
0,key,9,0.0,0.0,4.634833335876465,0.0
1,value,9,0.0,0.0,4.831452369689941,0.0
2,key,4,0.0,0.0,4.471036434173584,0.0
3,value,4,0.0,0.0,4.810307025909424,0.0
4,key,0,0.0,0.0,4.693868637084961,0.0
5,value,0,0.0,0.0,4.640875339508057,0.0
6,key,1,0.0,0.0,5.948827743530273,0.0
7,value,1,0.0,0.0,4.736088275909424,0.0
8,key,9,0.0,0.0,4.573154449462891,0.0
9,value,9,0.0,0.0,5.372903347015381,0.0
10,query,1,0.0,0.0,5.081551551818848,0.0
