step,kind,class_id,froA,specA,h_norm,Ah_norm
0,key,9,0.0,0.0,3.8063900470733643,0.0
1,value,9,0.0,0.0,3.814823865890503,0.0
2,key,4,0.0,0.0,4.162071228027344,0.0
3,value,4,0.0,0.0,5.309380054473877,0.0
4,key,0,0.0,0.0,4.425373077392578,0.0
5,value,0,0.0,0.0,5.18884801864624,0.0
6,key,1,0.0,0.0,4.732580661773682,0.0
7,value,1,0.0,0.0,5.477718830108643,0.0
8,key,9,0.0,0.0,6.88496208190918,0.0
9,value,9,0.0,0.0,5.257140636444092,0.0
10,query,4,0.0,0.0,6.807276248931885,0.0
