step,kind,class_id,froA,specA,h_norm,Ah_norm
0,key,9,0.0,0.0,3.9929490089416504,0.0
1,value,9,0.0,0.0,3.913325548171997,0.0
2,key,4,0.0,0.0,4.330824375152588,0.0
3,value,4,0.0,0.0,4.736461639404297,0.0
4,key,0,0.0,0.0,4.012112140655518,0.0
5,value,0,0.0,0.0,5.658836841583252,0.0
6,key,1,0.0,0.0,5.330051898956299,0.0
7,value,1,0.0,0.0,4.947091102600098,0.0
8,key,9,0.0,0.0,6.431070327758789,0.0
9,value,9,0.0,0.0,5.283939838409424,0.0
10,query,2,0.0,0.0,4.338630676269531,0.0
