step,kind,class_id,froA,specA,h_norm,Ah_norm
0,key,9,0.0,0.0,4.246873378753662,0.0
1,value,9,0.0,0.0,4.052272796630859,0.0
2,key,4,0.0,0.0,4.395360946655273,0.0
3,value,4,0.0,0.0,4.963991641998291,0.0
4,key,0,0.0,0.0,4.757758617401123,0.0
5,value,0,0.0,0.0,4.697606086730957,0.0
6,key,1,0.0,0.0,5.285216331481934,0.0
7,value,1,0.0,0.0,4.65203857421875,0.0
8,wait,-1,0.0,0.0,5.514981269836426,0.0
9,wait,-1,0.0,0.0,5.090454578399658,0.0
10,query,1,0.0,0.0,5.109914779663086,0.0
