step,kind,class_id,froA,specA,h_norm,Ah_norm
0,key,9,0.0,0.0,4.28779935836792,0.0
1,value,9,0.0,0.0,4.103589057922363,0.0
2,key,4,0.0,0.0,4.877241611480713,0.0
3,value,4,0.0,0.0,3.9156906604766846,0.0
4,key,0,0.0,0.0,4.306349754333496,0.0
5,value,0,0.0,0.0,4.243577480316162,0.0
6,key,1,0.0,0.0,4.996914386749268,0.0
7,value,1,0.0,0.0,4.0369391441345215,0.0
8,key,9,0.0,0.0,5.26216983795166,0.0
9,value,9,0.0,0.0,4.214995384216309,0.0
10,query,3,0.0,0.0,5.475814342498779,0.0
