true,pred,correct,margin,cosine
4,0,0.0,0.5145654082298279,-0.010022705420851707
