true,pred,correct,margin,cosine
9,9,1.0,3.2030928134918213,0.02037058025598526
