true,pred,correct,margin,cosine
4,4,1.0,3.4709596633911133,0.13229256868362427
