true,pred,correct,margin,cosine
1,1,1.0,12.265443801879883,0.22730310261249542
