true,pred,correct,margin,cosine
4,4,1.0,12.88329792022705,0.010707009583711624
