true,pred,correct,margin,cosine
4,0,0.0,0.3814115524291992,-0.04047894850373268
