true,pred,correct,margin,cosine
4,0,0.0,0.362580269575119,-0.03647515922784805
