true,pred,correct,margin,cosine
4,4,1.0,17.41567611694336,-0.016901250928640366
