true,pred,correct,margin,cosine
4,9,0.0,25.826974868774414,-0.14350633323192596
