true,pred,correct,margin,cosine
1,4,0.0,1.242321491241455,-0.09573596715927124
