true,pred,correct,margin,cosine
4,0,0.0,0.5911049842834473,-0.048145659267902374
