true,pred,correct,margin,cosine
1,9,0.0,3.48988676071167,-0.06910569220781326
