true,pred,correct,margin,cosine
4,4,1.0,2.236464738845825,0.006969059351831675
