true,pred,correct,margin,cosine
4,9,0.0,0.2770189046859741,0.019670872017741203
