true,pred,correct,margin,cosine
4,9,0.0,0.17398691177368164,-0.007283204235136509
