true,pred,correct,margin,cosine
4,4,1.0,1.078554391860962,0.0181795135140419
