true,pred,correct,margin,cosine
0,0,1.0,4.6371073722839355,-0.017971221357584
