true,pred,correct,margin,cosine
4,0,0.0,0.9686092138290405,0.003378048539161682
