true,pred,correct,margin,cosine
1,4,0.0,0.0027654170989990234,-0.2198890745639801
