true,pred,correct,margin,cosine
0,9,0.0,27.105987548828125,-0.016594193875789642
