true,pred,correct,margin,cosine
4,4,1.0,2.6050968170166016,0.13039594888687134
