true,pred,correct,margin,cosine
4,4,1.0,28.423309326171875,0.20947599411010742
