true,pred,correct,margin,cosine
4,9,0.0,3.104600429534912,-0.0902915969491005
