true,pred,correct,margin,cosine
9,0,0.0,0.03990602493286133,-0.05339557304978371
