true,pred,correct,margin,cosine
4,4,1.0,10.631935119628906,0.013451952487230301
