true,pred,correct,margin,cosine
1,1,1.0,0.41376280784606934,-0.019720401614904404
