true,pred,correct,margin,cosine
4,1,0.0,1.229809045791626,-0.10132835060358047
