true,pred,correct,margin,cosine
1,1,1.0,4.652235507965088,0.1575627326965332
