true,pred,correct,margin,cosine
0,0,1.0,8.863848686218262,0.035041891038417816
