true,pred,correct,margin,cosine
4,1,0.0,0.18211853504180908,-0.007038207724690437
