true,pred,correct,margin,cosine
4,1,0.0,0.16858911514282227,0.05238043889403343
