true,pred,correct,margin,cosine
1,9,0.0,0.9506208896636963,-0.010423881933093071
