true,pred,correct,margin,cosine
0,0,1.0,0.4787864685058594,-0.1163913831114769
