true,pred,correct,margin,cosine
4,9,0.0,2.422935962677002,0.010704567655920982
