true,pred,correct,margin,cosine
9,5,0.0,0.19350290298461914,-0.06118912994861603
