true,pred,correct,margin,cosine
0,2,0.0,1.2517976760864258,-0.0032122600823640823
