true,pred,correct,margin,cosine
4,4,1.0,14.100744247436523,0.01489381492137909
