true,pred,correct,margin,cosine
4,4,1.0,3.0061566829681396,0.006732064764946699
