true,pred,correct,margin,cosine
4,1,0.0,0.09478199481964111,0.0027503930032253265
