true,pred,correct,margin,cosine
9,5,0.0,1.1510530710220337,-0.06347984075546265
