true,pred,correct,margin,cosine
4,4,1.0,20.553577423095703,0.27212831377983093
