true,pred,correct,margin,cosine
9,9,1.0,5.676882743835449,0.11633074283599854
