true,pred,correct,margin,cosine
4,9,0.0,1.0022307634353638,0.005499740596860647
