true,pred,correct,margin,cosine
4,4,1.0,2.5758705139160156,-0.0005202561151236296
