true,pred,correct,margin,cosine
4,9,0.0,3.9599475860595703,0.026473138481378555
