true,pred,correct,margin,cosine
4,4,1.0,0.7856037616729736,0.01719842292368412
