true,pred,correct,margin,cosine
4,4,1.0,27.03723907470703,0.19659656286239624
