true,pred,correct,margin,cosine
4,4,1.0,5.192431449890137,0.007075170986354351
