true,pred,correct,margin,cosine
1,0,0.0,0.9651141166687012,-0.2218134105205536
