true,pred,correct,margin,cosine
1,1,1.0,0.38193273544311523,0.012817177921533585
