t,s,h_norm,Ah_norm,cos_h0
0,0,4.2468743324279785,0.0,1.0
1,0,4.052272796630859,0.0,1.0
2,0,4.395361423492432,0.0,1.0
3,0,4.963991641998291,0.0,1.0
4,0,4.757758617401123,0.0,1.0
5,0,4.697606086730957,0.0,1.0
6,0,5.285216331481934,0.0,1.0
7,0,4.652039051055908,0.0,1.0
8,0,6.194252014160156,0.0,1.0
9,0,4.736628532409668,0.0,1.0
10,0,4.801794052124023,0.0,1.0
