t,s,h_norm,Ah_norm,cos_h0
0,0,30.010778427124023,0.0,0.9999998807907104
1,0,3.9177536964416504,0.0,1.0
2,0,48.383445739746094,0.0,0.9999999403953552
3,0,0.0,0.0,0.0
4,0,52.72288131713867,0.0,1.0
5,0,0.0,0.0,0.0
6,0,81.89924621582031,29.698467254638672,0.9999999403953552
7,0,0.0,0.0,0.0
8,0,68.45606994628906,33.983116149902344,1.0
9,0,0.0,0.0,0.0
10,0,67.91661834716797,46.643863677978516,1.0000001192092896
