t,s,h_norm,Ah_norm,cos_h0
0,0,30.37733268737793,0.0,1.0
1,0,4.010020732879639,0.03238186985254288,0.9999998807907104
2,0,51.383697509765625,0.0,1.0
3,0,0.797230064868927,0.0,0.9999999403953552
4,0,63.66836166381836,24.230247497558594,1.0
5,0,0.0,0.0,0.0
6,0,64.20134735107422,46.060943603515625,1.0000001192092896
7,0,0.0,0.0,0.0
8,0,63.13821792602539,18.044069290161133,1.0
9,0,0.0,0.0,0.0
10,0,66.57222747802734,51.13941192626953,1.0000001192092896
