t,s,h_norm,Ah_norm,cos_h0
0,0,26.791799545288086,0.0,1.0
1,0,2.083545684814453,0.0,0.9999998807907104
2,0,43.72034454345703,15.073770523071289,1.0
3,0,0.0,0.0,0.0
4,0,64.06814575195312,16.79615020751953,1.0
5,0,0.0,0.0,0.0
6,0,75.25147247314453,34.35084533691406,1.0
7,0,0.0,0.0,0.0
8,0,71.68888854980469,27.183279037475586,1.0
9,0,0.0,0.0,0.0
10,0,66.68260955810547,54.700416564941406,1.0000001192092896
