t,s,h_norm,Ah_norm,cos_h0
0,0,4.28779935836792,0.0,1.0
1,0,4.103589057922363,0.0,1.0
2,0,4.877241611480713,0.0,1.0
3,0,3.9156906604766846,0.0,1.0
4,0,4.306349754333496,0.0,1.0
5,0,4.243577480316162,0.0,1.0
6,0,4.996914386749268,0.0,1.0
7,0,4.0369391441345215,0.0,1.0
8,0,5.26216983795166,0.0,1.0
9,0,4.214995384216309,0.0,1.0
10,0,5.475814342498779,0.0,1.0
