t,s,h_norm,Ah_norm,cos_h0
0,0,4.634833335876465,0.0,1.0
1,0,4.831452369689941,0.0,1.0
2,0,4.471036434173584,0.0,1.0
3,0,4.810307025909424,0.0,1.0
4,0,4.693868637084961,0.0,1.0
5,0,4.640875339508057,0.0,1.0
6,0,5.948827743530273,0.0,1.0
7,0,4.736088275909424,0.0,1.0
8,0,4.573154449462891,0.0,1.0
9,0,5.372903347015381,0.0,1.0
10,0,5.081551551818848,0.0,1.0
