t,s,h_norm,Ah_norm,cos_h0
0,0,25.802841186523438,0.0,0.9999998807907104
1,0,6.4394049644470215,0.0,0.9999999403953552
2,0,49.553157806396484,7.80100679397583,1.0
3,0,0.0,0.0,0.0
4,0,70.89698028564453,0.0,0.9999999403953552
5,0,1.152348279953003,0.0,1.0
6,0,73.42533874511719,47.44652557373047,1.0
7,0,0.0,0.0,0.0
8,0,56.06607437133789,18.516815185546875,1.0000001192092896
9,0,0.0,0.0,0.0
10,0,68.88369750976562,76.71161651611328,0.9999999403953552
