t,s,h_norm,Ah_norm,cos_h0
0,0,4.246873378753662,0.0,1.0
1,0,4.052272796630859,0.0,1.0
2,0,4.395360946655273,0.0,1.0
3,0,4.963991641998291,0.0,1.0
4,0,4.757758617401123,0.0,1.0
5,0,4.697606086730957,0.0,1.0
6,0,5.285216331481934,0.0,1.0
7,0,4.65203857421875,0.0,1.0
8,0,5.514981269836426,0.0,1.0
9,0,5.090454578399658,0.0,1.0
10,0,5.109914779663086,0.0,1.0
