t,s,h_norm,Ah_norm,cos_h0
0,0,29.29100227355957,0.0,1.0
1,0,3.2656524181365967,0.0,1.0000001192092896
2,0,68.64930725097656,0.0,1.0
3,0,0.937387228012085,0.0,0.9999999403953552
4,0,64.48845672607422,23.305435180664062,1.0
5,0,0.0,0.0,0.0
6,0,74.21866607666016,9.88877010345459,0.9999999403953552
7,0,0.0,0.0,0.0
8,0,59.580177307128906,16.81834602355957,0.9999998807907104
9,0,0.0,0.0,0.0
10,0,62.20768356323242,42.20010757446289,1.0
