t,s,h_norm,Ah_norm,cos_h0
0,0,19.552940368652344,0.0,1.0
1,0,1.303591012954712,0.0,1.0
2,0,56.858253479003906,0.0,0.9999999403953552
3,0,0.9396762847900391,0.0,1.0
4,0,52.406097412109375,0.0,1.0000001192092896
5,0,0.0,0.0,0.0
6,0,71.08293914794922,42.96169662475586,1.0000001192092896
7,0,0.0,0.0,0.0
8,0,62.30535888671875,42.81565475463867,0.9999998807907104
9,0,0.0,0.0,0.0
10,0,70.021484375,42.902320861816406,1.0000001192092896
