t,s,h_norm,Ah_norm,cos_h0
0,0,3.9929490089416504,0.0,1.0
1,0,3.913325548171997,0.0,1.0
2,0,4.330824375152588,0.0,1.0
3,0,4.736461639404297,0.0,1.0
4,0,4.012112140655518,0.0,1.0
5,0,5.658836841583252,0.0,1.0
6,0,5.330051898956299,0.0,1.0
7,0,4.947091102600098,0.0,1.0
8,0,6.431070327758789,0.0,1.0
9,0,5.283939838409424,0.0,1.0
10,0,4.338630676269531,0.0,1.0
